{
  "employees": [
    {
      "id": 1,
      "firstName": "Jan",
      "lastName": "Kowalski",
      "birthDate": "1985-05-15",
      "address": "Kwiatowa 5",
      "city": "Warszawa",
      "postalCode": "00-001",
      "salary": 5000,
      "status": "Aktywny",
      "phone": "123-456-789"
    },
    {
      "id": 2,
      "firstName": "Anna",
      "lastName": "Nowak",
      "birthDate": "1990-12-20",
      "address": "Słoneczna 8",
      "city": "Kraków",
      "postalCode": "30-001",
      "salary": 6000,
      "status": "Aktywny",
      "phone": "987-654-321"
    },
    {
      "id": 3,
      "firstName": "Piotr",
      "lastName": "Wiśniewski",
      "birthDate": "1982-07-10",
      "address": "Akacjowa 12",
      "city": "Gdańsk",
      "postalCode": "80-001",
      "salary": 5500,
      "status": "Aktywny",
      "phone": "111-222-333"
    },
    {
      "id": 4,
      "firstName": "Magda",
      "lastName": "Lewandowska",
      "birthDate": "1988-03-25",
      "address": "Dąbrowskiego 20",
      "city": "Poznań",
      "postalCode": "60-001",
      "salary": 5200,
      "status": "Aktywny",
      "phone": "444-555-666"
    },
    {
      "id": 5,
      "firstName": "Kamil",
      "lastName": "Dąbrowski",
      "birthDate": "1992-11-02",
      "address": "Topolowa 15",
      "city": "Łódź",
      "postalCode": "90-001",
      "salary": 5800,
      "status": "Aktywny",
      "phone": "777-888-999"
    },
    {
      "id": 6,
      "firstName": "Marta",
      "lastName": "Zielińska",
      "birthDate": "1995-09-18",
      "address": "Lipowa 9",
      "city": "Wrocław",
      "postalCode": "50-001",
      "salary": 4800,
      "status": "Aktywny",
      "phone": "333-444-555"
    },
    {
      "id": 7,
      "firstName": "Tomasz",
      "lastName": "Szymański",
      "birthDate": "1980-06-30",
      "address": "Brzozowa 7",
      "city": "Katowice",
      "postalCode": "40-001",
      "salary": 5100,
      "status": "Aktywny",
      "phone": "666-777-888"
    },
    {
      "id": 8,
      "firstName": "Monika",
      "lastName": "Woźniak",
      "birthDate": "1987-04-12",
      "address": "Sosnowa 3",
      "city": "Szczecin",
      "postalCode": "70-001",
      "salary": 5300,
      "status": "Aktywny",
      "phone": "999-000-111"
    },
    {
      "id": 9,
      "firstName": "Adam",
      "lastName": "Krawczyk",
      "birthDate": "1984-08-22",
      "address": "Świerkowa 6",
      "city": "Gdynia",
      "postalCode": "81-001",
      "salary": 4900,
      "status": "Aktywny",
      "phone": "222-333-444"
    },
    {
      "id": 10,
      "firstName": "Karolina",
      "lastName": "Jankowska",
      "birthDate": "1991-01-05",
      "address": "Akademicka 11",
      "city": "Białystok",
      "postalCode": "15-001",
      "salary": 5700,
      "status": "Aktywny",
      "phone": "555-666-777"
    },
    {
      "firstName": "test",
      "lastName": "test",
      "birthDate": "31132-12-13",
      "address": "test",
      "city": "test",
      "postalCode": "134444",
      "salary": "12312",
      "status": "test",
      "phone": "testtesttestt",
      "id": 11
    }
  ]
}